{"cameraMode":{"drawMode":0,"name":"Shaded","section":"Shading Mode"},"sceneLighting":true,"audioPlay":false,"sceneViewState":{"showFog":true,"showMaterialUpdate":false,"showSkybox":true,"showFlares":true,"showImageEffects":true,"showParticleSystems":true},"in2DMode":false,"pivot":{"x":0.13888700306415559,"y":5.199256896972656,"z":-0.004313425626605749},"rotation":{"x":-0.16899460554122926,"y":-0.0008897893130779266,"z":0.00015266732953023165,"w":-0.9856163263320923},"size":17.543251037597658,"orthographic":false}